"Angela",Angela
"Jim",Jim
"Jo",Jo
"A.J.",AJ
A.J.,AJ
"Phyllis",Phyllis
(Pam's mom) Heleen,Helene
Pam's Mom,Helene
Pam [on phone],Pam
abe,Gabe
sAndy,Andy
Walt Jr.,Walter Jr.
Video Andy,Andy
Vance Refrigeration guy,Vance Refrigeration Guy
Todd,Todd Packer 
Packer,Todd Packer
Senator,Senator Lipton
Robert,Robert California
Nellie Bertram,Nellie
Jo Bennett,Jo
Jan [on phone],Jan
Holy,Holly
Helen,Helene
Hank [the security guard],Hank
Hank the Security Guard,Hank
Glen,Glenn
Dight,Dwight
DeAngelo,Deangelo
David,David Wallace
Dacvid Wallace,David Wallace
Bob,Bob Vance
Senator Liptop,Senator Lipton
Michel,Michael
